{
    "Camera":
    {
        "Eye"    : [3.9499253e-05, 0.0465325005, 0.242036507],
        "Lookat" : [3.9499253e-05, 0.0465325005, -0.0002840003],
        "Up"     : [0.0, 1.0, 0.0]
    },
    "Lights":
    {
        "PointLights":
        [
            {
                "Position" : [-0.807735026,  0.403867513, -1.61547005],
                "Emission" : [0.2, 0.2, 0.25]
            },
            {
                "Position" : [-0.807735026, 0.0 , 1.61547005],
                "Emission" : [0.1, 0.1, 0.10]
            },
            {
                "Position" : [0.807735026, 0.807735026 , 0.807735026],
                "Emission" : [ 0.7, 0.7, 0.65]
            }
        ]
    },
    "Plane":
    {
        "Width"  : 1024,
        "Height" : 768
    },
    "SPP" : 100,
    "BadColor" : [1000000.0, 0.0, 1000000.0],
    "BackgroundColor" : [0.34, 0.55, 0.85],
    "SceneEpsilon"    : 1e-4,
    "RayGenerationProgramFile" : "../src/ray_generators/pinhole_camera.cu",
    "RayGenerationProgram"     : "pinhole_camera",
    "ExceptionProgram"         : "exception",
    "MissProgramFile"          : "../constantbg.cu",
    "MissProgram"              : "miss",
    "Geometry":
    {
        "TriangleMeshes":
        [
            {
                "FileLocation" : "../data/cow.obj"
            }
        ]
    }
}